Category,Name,Platform,Handle/URL,Followers,Email,Contact Method,Status,Notes
STREETWEAR MEDIA,Hypebeast,Web/IG/YouTube,hypebeast.com / @hypebeast,13M+ (IG),,Contact form: hypebeast.com/advertise,Not Started,"Biggest streetwear publication. Media kit via hypebeast.com/contact. Founded 2005, NYC/HK."
STREETWEAR MEDIA,Highsnobiety,Web/IG/YouTube,highsnobiety.com / @highsnobiety,5M+ (IG),info@highsnobiety.com,Email,Not Started,"Berlin-based. Brand partnerships via company.highsnobiety.com/contact. NYC office handles US partnerships."
STREETWEAR MEDIA,Complex Style,Web/IG,complex.com/style / @complexstyle,3M+ (IG),info@complex.com,Email,Not Started,"Complex's fashion vertical. Phone: (917) 793-0438. Also: support@complex.com. Ad formats: display, native, social, video."
STREETWEAR MEDIA,PAUSE Magazine,Web/IG,pausemag.co.uk / @pausemag,400K+ (IG),,Contact form on site,Not Started,"London-based, founded 2011. Independent digital platform. Covers celeb streetwear, drops, collabs. Contact via pausemag.co.uk/about."
STREETWEAR MEDIA,Modern Notoriety,Web/IG,modernnotoriety.com / @modernnotoriety,200K+ (IG),,DM / Website,Not Started,"Sneaker news, streetwear drops, collabs, archive culture. Check site for contact."
STREETWEAR MEDIA,The Trend Spotter,Web/IG,thetrendspotter.net / @thetrendspotter,1M+ (IG),,Website contact form,Not Started,"Founded 2012. Celebrity fashion, trend coverage, style guides. Accepts sponsored content."
STREETWEAR MEDIA,Sole Collector,Web/IG,solecollector.com / @solecollector,2M+ (IG),,Via Complex (parent),Not Started,"Part of Complex network. Sneaker-focused but covers celebrity streetwear. Founded 2003."
STREETWEAR MEDIA,Nice Kicks,Web/IG/YouTube,nicekicks.com / @nicekicks,2.5M+ (IG),info@nicekicks.com,Email,Not Started,"Sneaker news + streetwear drops. Austin-based. Check nicekicks.com/contact for ad inquiries."
STREETWEAR MEDIA,Sneaker News,Web/IG,sneakernews.com / @sneakernews,4M+ (IG),,Website contact,Not Started,"Massive sneaker/streetwear coverage. Celebrity outfit spotting. Check sneakernews.com for contact."
STREETWEAR MEDIA,KicksOnFire,Web/IG/App,kicksonfire.com / @kicksonfire,1.5M+ (IG),info@kicksonfire.com,Email,Not Started,"Sneaker news + drops + celebrity style. Founded by Khan Furqan."
STREETWEAR MEDIA,The Sole Supplier,Web/IG,thesolesupplier.co.uk / @thesolesupplier,1M+ (IG),,Website contact,Not Started,"UK-based. Sneaker drops, streetwear news. Covers celebrity fits."
STREETWEAR MEDIA,Hypebae,Web/IG,hypebae.com / @hypebae,2M+ (IG),,Via Hypebeast (parent),Not Started,"Women's streetwear arm of Hypebeast. Same ad infrastructure."
CELEB FASHION BLOG,UpscaleHype,Web/IG,upscalehype.com / @upscalehype,500K+ (IG),uhpromote@gmail.com,Email,Not Started,"Founded 2008. Celebrity fashion + high-end streetwear spotting. Paid promo via uhpromote@gmail.com."
CELEB FASHION BLOG,What's On The Star,Web/IG,whatsonthestar.com / @whatsonthestar,300K+ (IG),,DM / Website,Not Started,"Celebrity outfit ID. Tracks what rappers, models, athletes wear. Check site for contact."
CELEB FASHION BLOG,Steal Her Style,Web/IG,stealherstyle.net / @stealherstyle,500K+ (IG),,Website contact,Not Started,"Celebrity outfit breakdowns. Covers female celeb streetwear. Good for placement if women's angle needed."
CELEB FASHION BLOG,CelebStyle Guide,IG/LTK,@celebstyleguide,445K (IG),,DM / LTK,Not Started,"Run by Heather Campbell Green. Celebrity outfit IDs + shopping links. Monetizes via affiliate."
CELEB FASHION BLOG,Donovan Style,IG,@donovanstyle_,200K+ (IG),,DM / IG bio,Not Started,"Male celebrity fashion spotting. Covers rappers in Supreme, Jordan, etc."
FASHION PUBLICATION,GQ,Web/IG,gq.com / @gq,8M+ (IG),letters@gq.com,Email,Not Started,"Conde Nast. GQ Style covers streetwear extensively. Ad sales via condenast.com/advertising."
FASHION PUBLICATION,Esquire,Web/IG,esquire.com / @esquire,5M+ (IG),,hearst.com/advertising,Not Started,"Hearst publication. Covers celebrity style, streetwear features."
FASHION PUBLICATION,Highsnobiety (Print),Print/Web,company.highsnobiety.com,,info@highsnobiety.com,Email,Not Started,"Quarterly print magazine. Premium placement, longer lead time."
STREETWEAR IG PAGE,@hypedrops,IG,@hypedrops,500K+ (IG),,DM / IG bio,Not Started,"Streetwear drops, celebrity fits, Supreme/Nike/Jordan content. Check bio for promo email."
STREETWEAR IG PAGE,@streetwearde,IG,@streetwearde,300K+ (IG),,DM / IG bio,Not Started,"European streetwear scene. Outfit grids, celebrity fits."
STREETWEAR IG PAGE,@outfitgrid,IG,@outfitgrid,700K+ (IG),,DM / IG bio,Not Started,"Flat lay outfit photos. Large engaged audience. Accepts paid features."
STREETWEAR IG PAGE,@blkvis,IG,@blkvis,400K+ (IG),,DM / IG bio,Not Started,"Dark aesthetic streetwear. Celebrity fits, brand features."
STREETWEAR IG PAGE,@drfrankz,IG,@drfrankz,200K+ (IG),,DM / IG bio,Not Started,"Streetwear outfit inspiration. DM for promo rates."
STREETWEAR IG PAGE,@hypeaf,IG,@hypeaf,500K+ (IG),,DM / IG bio,Not Started,"Hypebeast culture, drops, celebrity streetwear. Paid features available."
STREETWEAR IG PAGE,@streetwearfashion_,IG,@streetwearfashion_,200K+ (IG),,DM / IG bio,Not Started,"Streetwear outfit inspo. Accepts paid promo."
STREETWEAR IG PAGE,@fashionfuckery,IG,@fashionfuckery,300K+ (IG),,DM / IG bio,Not Started,"Featured by Hypebeast. Streetwear memes + fits. Engaged community."
SNEAKER/DROP PAGE,@j23app,IG/App,@j23app,1M+ (IG),,DM / App,Not Started,"Jordan release dates + celebrity sightings in Jordans. Huge sneakerhead audience."
SNEAKER/DROP PAGE,@sneakerfreakermag,IG/Web,@sneakerfreakermag,3M+ (IG),,Website contact,Not Started,"Australian sneaker magazine. Global reach. Covers celebrity sneaker moments."
SNEAKER/DROP PAGE,@kicksdaily,IG,@kicksdaily,500K+ (IG),,DM / IG bio,Not Started,"Daily sneaker content. Celebrity kicks spotting."
STREETWEAR MEDIA,Freshness Mag,Web/IG,freshnessmag.com / @freshnessmag,200K+ (IG),info@freshnessmag.com,Email,Not Started,"Sneaker + streetwear news since 2003. Celebrity style coverage."
STREETWEAR MEDIA,Juicebox,Web/IG,juiceboxmagazine.com,50K+ (IG),,DM / Website,Not Started,"Indie streetwear magazine. Lower rates, more niche audience."
CELEB FASHION BLOG,Style Rave,Web/IG,stylerave.com / @stylerave,200K+ (IG),,Website contact,Not Started,"Covers celebrity streetwear fits (Tom Hardy in Supreme x Jordan etc). African + global fashion."
